country;country_short
AFGHANISTAN;AF
ALBANIA;AL
ALGERIA;DZ
ANDORRA;AD
ANGOLA;AO
ANGUILLA;AI
ANTARCTICA;AQ
ANTIGUA AND BARBUDA;AG
ARGENTINA;AR
ARMENIA;AM
ARUBA;AW
AUSTRALIA;AU
AUSTRIA;AT
AZERBAIJAN;AZ
BAHAMAS;BS
BAHRAIN;BH
BANGLADESH;BD
BARBADOS;BB
BELARUS;BY
BELGIUM;BE
BELIZE;BZ
BENIN;BJ
BERMUDA;BM
BHUTAN;BT
BOLIVIA;BO
BOSNIA AND HERZEGOVINA;BA
BOTSWANA;BW
BOUVET ISLAND;BV
BRAZIL;BR
BRITISH INDIAN OCEAN TERRITORY;IO
BRUNEI DARUSSALAM;BN
BULGARIA;BG
BURKINA FASO;BF
BURUNDI;BI
CAMBODIA;KH
CAMEROON;CM
CANADA;CA
CANTON AND ENDERBURY ISLANDS;CT
CAPE VERDE;CV
CAYMAN ISLANDS;KY
CENTRAL AFRICAN REPUBLIC;CF
CHAD;TD
CHILE;CL
CHINA;CN
CHRISTMAS ISLAND;CX
COCOS (KEELING) ISLANDS;CC
COLOMBIA;CO
COMOROS;KM
CONGO;CG
CONGO, THE DEMOCRATIC REPUBLIC OF THE;CD
COOK ISLANDS;CK
COSTA RICA;CR
COTE D'IVOIRE;CI
CROATIA;HR
CUBA;CU
CYPRUS;CY
CZECH REPUBLIC;CZ
CZECHOSLOVAKIA;CS
DENMARK;DK
DJIBOUTI;DJ
DOMINICA;DM
DOMINICAN REPUBLIC;DO
DRONNING MAUD LAND;NQ
EAST TIMOR;TP
ECUADOR;EC
EGYPT;EG
EL SALVADOR;SV
EQUATORIAL GUINEA;GQ
ERITREA;ER
ESTONIA;EE
ETHIOPIA;ET
FALKLAND ISLANDS (MALVINAS);FK
FAROE ISLANDS;FO
FIJI;FJ
FINLAND;FI
FRANCE;FR
FRENCH GUIANA;GF
FRENCH POLYNESIA;PF
FRENCH SOUTHERN AND ANTARCTIC TERRITORIES;FQ
FRENCH SOUTHERN TERRITORIES;TF
GABON;GA
GAMBIA;GM
GEORGIA;GE
GERMAN DEMOCRATIC REPUBLIC;DD
GERMANY;DE
GHANA;GH
GIBRALTAR;GI
GREECE;GR
GREENLAND;GL
GRENADA;GD
GUADELOUPE;GP
GUATEMALA;GT
GUINEA;GN
GUINEA-BISSAU;GW
GUYANA;GY
HAITI;HT
HEARD ISLAND AND MCDONALD ISLANDS;HM
HOLY SEE (VATICAN CITY STATE);VA
HONDURAS;HN
HONG KONG;HK
HUNGARY;HU
ICELAND;IS
INDIA;IN
INDONESIA;ID
IRAN, ISLAMIC REPUBLIC OF;IR
IRAQ;IQ
IRELAND;IE
ISRAEL;IL
ITALY;IT
JAMAICA;JM
JAPAN;JP
JORDAN;JO
KAZAKSTAN;KZ
KENYA;KE
KIRIBATI;KI
KOREA, DEMOCRATIC PEOPLE'S REPUBLIC OF;KP
KOREA, REPUBLIC OF;KR
KUWAIT;KW
KYRGYZSTAN;KG
LAO PEOPLE'S DEMOCRATIC REPUBLIC;LA
LATVIA;LV
LEBANON;LB
LESOTHO;LS
LIBERIA;LR
LIBYAN ARAB JAMAHIRIYA;LY
LIECHTENSTEIN;LI
LITHUANIA;LT
LUXEMBOURG;LU
MACAU;MO
MACEDONIA, THE FORMER YUGOSLAV REPUBLIC OF;MK
MADAGASCAR;MG
MALAWI;MW
MALAYSIA;MY
MALDIVES;MV
MALI;ML
MALTA;MT
MARSHALL ISLANDS;MH
MARTINIQUE;MQ
MAURITANIA;MR
MAURITIUS;MU
MAYOTTE;YT
MEXICO;MX
MIRCRONESIA, FEDERATED STATES OF;FM
MOLDOVA, REPUBLIC OF;MD
MONACO;MC
MONGOLIA;MN
MONTSERRAT;MS
MOROCCO;MA
MOZAMBIQUE;MZ
MYANMAR;MM
NAMIBIA;NA
NAURU;NR
NEPAL;NP
NETHERLANDS;NL
NETHERLANDS ANTILLES;AN
NEUTRAL ZONE;NT
NEW CALEDONIA;NC
NEW ZEALAND;NZ
NICARAGUA;NI
NIGER;NE
NIGERIA;NG
NIUE;NU
NORFOLK ISLAND;NF
NORWAY;NO
NOT PROVIDED;XP
OMAN;OM
PACIFIC ISLANDS (TRUST TERRITORY);PC
PAKISTAN;PK
PALAU;PW
PANAMA;PA
PANAMA CANAL ZONE;PZ
PAPUA NEW GUINEA;PG
PARACEL ISLANDS;QP
PARAGUAY;PY
PERU;PE
PHILIPPINES;PH
PITCAIRN;PN
POLAND;PL
PORTUGAL;PT
QATAR;QA
REUNION;RE
ROMANIA;RO
RUSSIAN FEDERATION;RU
RWANDA;RW
SAINT HELENA;SH
SAINT KITTS AND NEVIS;KN
SAINT LUCIA;LC
SAINT PIERRE AND MIQUELON;PM
SAINT VINCENT AND THE GRENADINES;VC
SAMOA;WS
SAN MARINO;SM
SAO TOME AND PRINCIPE;ST
SAUDI ARABIA;SA
SENEGAL;SN
SEYCHELLES;SC
SIERRA LEONE;SL
SINGAPORE;SG
SLOVAKIA;SK
SLOVENIA;SI
SOLOMON ISLANDS;SB
SOMALIA;SO
SOUTH AFRICA;ZA
SOUTH GEORGIA AND THE SOUTH SANDWICH ISLANDS;GS
SPAIN;ES
SRI LANKA;LK
STATELESS;ZZ
SUDAN;SD
SURINAME;SR
SVALBARD AND JAN MAYEN;SJ
SWAZILAND;SZ
SWEDEN;SE
SWITZERLAND;CH
SYRIAN ARAB REPUBLIC;SY
TAIWAN;TW
TAJIKISTAN;TJ
TANZANIA, UNITED REPUBLIC OF;TZ
THAILAND;TH
TOGO;TG
TOKELAU;TK
TONGA;TO
TRINIDAD AND TOBAGO;TT
TUNISIA;TN
TURKEY;TR
TURKMENISTAN;TM
TURKS AND CAICOS ISLANDS;TC
TUVALU;TV
UGANDA;UG
UKRAINE;UA
UNION OF SOVIET SOCIALIST REPUBLICS;SU
UNITED ARAB EMIRATES;AE
UNITED KINGDOM;GB
UNITED STATES;US
URUGUAY;UY
UZBEKISTAN;UZ
VANUATU;VU
VENEZUELA;VE
VIET NAM;VN
VIET-NAM, DEMOCRATIC REPUBLIC OF;VD
VIRGIN ISLANDS, BRITISH;VG
WALLIS AND FUTUNA;WF
WESTERN SAHARA;EH
YEMEN;YE
YEMEN, DEMOCRATIC;YD
YUGOSLAVIA;YU
ZAMBIA;ZM
ZIMBABWE;ZW